{
  "USA": [
    -120.63441560508083,
    45.11579279676678
  ],
  "RUS": [
    78.63638438803412,
    61.625008952136724
  ],
  "AGO": [
    16.907859164383563,
    -10.361866945205483
  ],
  "ALB": [
    20.086699571428568,
    41.24549533333333
  ],
  "AFG": [
    67.78638470588234,
    34.79120620588236
  ],
  "ARE": [
    54.370252857142866,
    24.192992571428572
  ],
  "ARG": [
    -65.31919331932774,
    -38.53319952100841
  ],
  "ATA": [
    -15.167165189814826,
    -73.29525883950633
  ],
  "ARM": [
    45.24748026315788,
    40.0073217368421
  ],
  "ATF": [
    69.52656250000001,
    -49.1803125
  ],
  "AUS": [
    134.17243882008364,
    -24.989423953974864
  ],
  "AUT": [
    13.387487250000003,
    47.63139886111114
  ],
  "AZE": [
    47.04565359523809,
    40.13995766666667
  ],
  "BDI": [
    30.006658083333335,
    -3.302141
  ],
  "BEL": [
    4.469134642857143,
    50.61960899999999
  ],
  "BEN": [
    2.3120673750000003,
    9.956299249999999
  ],
  "BFA": [
    -1.8246464210526312,
    12.157241447368424
  ],
  "BGD": [
    90.55242371428571,
    23.43772514285714
  ],
  "BGR": [
    24.762512629629626,
    42.84398485185184
  ],
  "BHS": [
    -77.88305777777776,
    25.751307222222223
  ],
  "BIH": [
    17.839320095238094,
    44.22598542857143
  ],
  "BLR": [
    28.222152232558148,
    53.310925046511635
  ],
  "BLZ": [
    -88.60339900000001,
    17.396577526315788
  ],
  "BMU": [
    -64.77002183357797,
    32.313316590002884
  ],
  "BOL": [
    -64.03857057627118,
    -16.427856881355932
  ],
  "BRA": [
    -56.94376812871287,
    -9.537121504950498
  ],
  "BRN": [
    114.93385742857141,
    4.6430614285714285
  ],
  "BTN": [
    90.52500558333334,
    27.442457416666667
  ],
  "BWA": [
    24.344124179487174,
    -22.486539461538463
  ],
  "CAF": [
    20.593699508196725,
    6.311624262295083
  ],
  "CHE": [
    8.250519782608695,
    46.76519326086956
  ],
  "CAN": [
    -90.73344395931747,
    65.08626972965871
  ],
  "CHL": [
    -71.25378803571432,
    -41.035677205357146
  ],
  "CHN": [
    105.93390225630252,
    36.60488268907564
  ],
  "CIV": [
    -6.3081003777777775,
    7.894345977777779
  ],
  "CMR": [
    13.14649251666667,
    6.807077483333333
  ],
  "COD": [
    22.948973768595042,
    -3.8312564214876077
  ],
  "COG": [
    14.853652083333332,
    -1.0123882916666664
  ],
  "COL": [
    -72.71131151515155,
    4.523403898989899
  ],
  "CRI": [
    -84.20798925714286,
    9.82946082857143
  ],
  "CS-KM": [
    20.975372049999997,
    42.58052295
  ],
  "CUB": [
    -79.67126426829269,
    21.687065634146343
  ],
  "CYP": [
    33.280764714285716,
    35.01635507142857
  ],
  "CZE": [
    15.872473411764709,
    49.73959991176471
  ],
  "DEU": [
    10.630975842105267,
    50.996776473684214
  ],
  "DJI": [
    42.53433442857143,
    11.747389357142854
  ],
  "DNK": [
    10.108406681818181,
    56.16756440909092
  ],
  "DOM": [
    -70.44482532,
    18.75322668
  ],
  "DZA": [
    3.2080780491803287,
    29.702993901639353
  ],
  "ECU": [
    -78.80862559375001,
    -1.68342009375
  ],
  "EGY": [
    31.432993658536578,
    28.212732317073176
  ],
  "ERI": [
    39.70532818518518,
    14.722757481481484
  ],
  "ESH": [
    -12.151906592592592,
    24.67108888888889
  ],
  "ESP": [
    -4.390661379999998,
    40.23683424
  ],
  "EST": [
    25.797229312499997,
    58.5511405
  ],
  "ETH": [
    39.06122205172413,
    9.000320724137929
  ],
  "FIN": [
    25.69562567567567,
    65.38011099999999
  ],
  "FJI": [
    103.13291789473685,
    -17.01130678947369
  ],
  "FLK": [
    -59.40555555555555,
    -51.72222222222222
  ],
  "FRA": [
    3.895460773584905,
    46.410761641509424
  ],
  "GAB": [
    11.911871066666668,
    -0.42409776666666665
  ],
  "GBR": [
    -3.5745340185185177,
    53.983244796296304
  ],
  "GEO": [
    43.51184352173914,
    42.20730165217391
  ],
  "GHA": [
    -1.0120526666666663,
    8.176658958333332
  ],
  "GIN": [
    -10.94519430434783,
    10.38741934782609
  ],
  "GMB": [
    -15.1920818,
    13.495297266666665
  ],
  "GNB": [
    -15.132679722222223,
    11.956454055555557
  ],
  "GNQ": [
    10.139911999999999,
    1.473584
  ],
  "GRC": [
    23.49812050000002,
    38.89472090384615
  ],
  "GRL": [
    -40.987697633587786,
    74.08289642748092
  ],
  "GTM": [
    -90.21218835294118,
    15.560328117647058
  ],
  "GUF": [
    -53.466390777777775,
    3.5140465
  ],
  "GUY": [
    -58.9588272820513,
    4.5477264615384625
  ],
  "HND": [
    -86.36444055357143,
    14.741846374999998
  ],
  "HRV": [
    16.378801292682926,
    44.86264470731708
  ],
  "HTI": [
    -72.75205639999999,
    18.79587115
  ],
  "HUN": [
    19.150209533333328,
    47.43286220000001
  ],
  "IDN": [
    119.48493691561188,
    -3.145757590717303
  ],
  "IND": [
    83.48643551851855,
    23.933865088888883
  ],
  "IRL": [
    -7.850443500000002,
    53.503519583333336
  ],
  "IRN": [
    53.40918798648648,
    33.34876127027026
  ],
  "IRQ": [
    44.57816572413793,
    33.48266034482759
  ],
  "ISL": [
    -19.51636068421053,
    65.21603589473682
  ],
  "ISR": [
    35.17742140909091,
    32.13534781818181
  ],
  "ITA": [
    12.453165666666667,
    42.05606219047618
  ],
  "JAM": [
    -77.3258974,
    18.157463
  ],
  "JOR": [
    36.71211727777778,
    31.06238655555556
  ],
  "JPN": [
    137.0365346935484,
    37.14004222580646
  ],
  "KAZ": [
    65.05319064864861,
    47.2462184864865
  ],
  "KEN": [
    37.78542980555554,
    1.275337361111111
  ],
  "KGZ": [
    74.06541932352941,
    41.33720952941176
  ],
  "KHM": [
    105.03956618749999,
    12.66967925
  ],
  "KOR": [
    127.5392491111111,
    36.65910783333333
  ],
  "KWT": [
    47.713469125,
    29.2569095
  ],
  "LAO": [
    103.59046258333332,
    18.396993972222226
  ],
  "LBN": [
    35.854726600000006,
    33.8502699
  ],
  "LBR": [
    -9.169757807692308,
    6.71805676923077
  ],
  "LBY": [
    16.48617512727273,
    28.594594781818184
  ],
  "LKA": [
    80.76113688888887,
    7.643484222222223
  ],
  "LSO": [
    28.315065999999998,
    -29.64195381818182
  ],
  "LTU": [
    23.87889833333334,
    55.17794299999999
  ],
  "LUX": [
    5.971062,
    49.75942666666666
  ],
  "LVA": [
    24.828403904761906,
    56.82829114285714
  ],
  "MAR": [
    -9.53145849206349,
    28.650605746031747
  ],
  "MDA": [
    28.541545000000003,
    47.00148238461539
  ],
  "MDG": [
    46.93600041666665,
    -18.086102854166672
  ],
  "MEX": [
    -103.04794025443789,
    23.82332612426034
  ],
  "MKD": [
    21.644211250000005,
    41.63300375
  ],
  "MLI": [
    -5.725930266666665,
    14.101365266666662
  ],
  "MLT": [
    14.360993071428569,
    35.964691357142854
  ],
  "MMR": [
    97.1104526231884,
    19.9944717826087
  ],
  "MNE": [
    19.409865529411764,
    42.75039117647059
  ],
  "MNG": [
    104.81291505405405,
    47.176235554054045
  ],
  "MOZ": [
    34.86954240789474,
    -17.996705302631586
  ],
  "MRT": [
    -12.30286444736842,
    18.774316736842106
  ],
  "MWI": [
    34.11089333333333,
    -13.050461777777777
  ],
  "MYS": [
    109.6720528,
    3.905388116666666
  ],
  "NAM": [
    17.88272558139535,
    -21.486309116279074
  ],
  "NCL": [
    165.48929683333336,
    -21.185795333333335
  ],
  "NER": [
    8.630186070175437,
    15.348685438596489
  ],
  "NGA": [
    8.447694701754383,
    9.792473403508769
  ],
  "NIC": [
    -85.00384123529413,
    13.120791313725494
  ],
  "NLD": [
    5.548327230769231,
    52.054622538461544
  ],
  "NOR": [
    18.311593,
    71.4959019404762
  ],
  "NPL": [
    84.39675449999999,
    28.224259454545457
  ],
  "NZL": [
    173.44023045312503,
    -40.588338578125004
  ],
  "OMN": [
    56.568525622222204,
    21.398307133333333
  ],
  "PAK": [
    69.31442663076925,
    30.71802232307692
  ],
  "PAN": [
    -80.37531645098039,
    8.492405843137254
  ],
  "PER": [
    -74.13762705333332,
    -7.799173586666666
  ],